{
    "header": [
        " *   ",
        " *   如非需要调试，本文件可删除",
        " *   非专业人员可将本文件删除",
        " *   详细介绍请参考: https://bazhan.me/faq#INFO-JSON",
        " *   "
    ],
    "resources": [
        {
            "url": "http://106.75.229.244/admins/Account/yhxy",
            "path": "index.html",
            "saved": true,
            "size": 5072,
            "children": [
                {
                    "url": "http://106.75.229.244/static/plugins/layui/layui.js",
                    "path": "js/layui.js",
                    "saved": true,
                    "size": 0,
                    "children": []
                },
                {
                    "url": "http://106.75.229.244/static/plugins/layui/css/layui.css",
                    "path": "css/layui.css",
                    "saved": true,
                    "size": 74271,
                    "children": [
                        {
                            "url": "http://106.75.229.244/static/plugins/layui/font/iconfont.eot?v=256",
                            "path": "fonts/iconfont.eot",
                            "saved": true,
                            "size": 0,
                            "children": []
                        },
                        {
                            "url": "http://106.75.229.244/static/plugins/layui/font/iconfont.woff2?v=256",
                            "path": "fonts/iconfont.woff2",
                            "saved": true,
                            "size": 0,
                            "children": []
                        },
                        {
                            "url": "http://106.75.229.244/static/plugins/layui/font/iconfont.woff?v=256",
                            "path": "fonts/iconfont.woff",
                            "saved": true,
                            "size": 0,
                            "children": []
                        },
                        {
                            "url": "http://106.75.229.244/static/plugins/layui/font/iconfont.ttf?v=256",
                            "path": "fonts/iconfont.ttf",
                            "saved": true,
                            "size": 0,
                            "children": []
                        },
                        {
                            "url": "http://106.75.229.244/static/plugins/layui/font/iconfont.svg?v=256#layui-icon",
                            "path": "img/iconfont.svg",
                            "saved": true,
                            "size": 0,
                            "children": []
                        }
                    ]
                }
            ]
        }
    ],
    "alias": "106-75-229-244-f7nb5bg",
    "info": {
        "request": {
            "headers": {
                "accept": "text/html,*/*",
                "accept-language": "zh-CN,zh;q=0.9",
                "accept-encoding": "gzip",
                "cache-control": "no-cache",
                "cookie": "",
                "referer": "http://106.75.229.244/admins/Account/yhxy",
                "user-agent": "Mozilla/5.0 (Windows NT 10.0; Win64; x64) AppleWebKit/537.36 (KHTML, like Gecko) Chrome/78.0.3904.108 Safari/537.36",
                "x-scraper-website": "https://bazhan.me/"
            }
        },
        "response": {
            "redirects": [],
            "responseUrl": "http://106.75.229.244/admins/Account/yhxy",
            "statusCode": 200,
            "headers": {
                "date": "Fri, 25 Feb 2022 14:49:22 GMT",
                "server": "Apache/2.4.39 (Win64) OpenSSL/1.1.1b mod_fcgid/2.3.9a mod_log_rotate/1.02",
                "x-powered-by": "PHP/7.3.9",
                "connection": "close",
                "transfer-encoding": "chunked",
                "content-type": "text/html; charset=utf-8"
            }
        },
        "time": {
            "start": "2022-02-25T14:49:40.344Z",
            "end": "2022-02-25T14:49:42.328Z"
        },
        "remark": [],
        "title": "二次学时板娘",
        "ip": "106.75.229.244",
        "url": "http://106.75.229.244/admins/Account/yhxy",
        "main": "index.html",
        "domain": "106.75.229.244",
        "origin": "http://106.75.229.244",
        "totalSize": "79.3 kB"
    },
    "options": {
        "formatter": [],
        "url": "http://106.75.229.244/admins/Account/yhxy",
        "referer": "",
        "cookies": "",
        "userAgent": "Mozilla/5.0 (Windows NT 10.0; Win64; x64) AppleWebKit/537.36 (KHTML, like Gecko) Chrome/78.0.3904.108 Safari/537.36",
        "filenameGenerator": "byType"
    }
}