{
  "homeInfo": {
    "title": "首页",
    "href": "main"
  },
  "logoInfo": {
    "title": "琳琅学习平台",
    "image": "images/headlogo.png",
    "href": ""
  },
  "menuInfo": [
    {
              "title": "首页",
              "href": "main",
              "icon": "fa fa-windows",
              "target": "_self"
            },
            {
          "title": "后台管理",
          "href": "",
          "icon": "fa fa-desktop",
          "target": "_self",
          "child": [
            
        {
          "title": "网站信息",
          "href": "webest",
          "icon": "fa fa-diamond",
          "target": "_self"
        },
        {
          "title": "货源管理",
          "href": "huoyuan",
          "icon": "fa fa-cubes",
          "target": "_self"
        },
        {
          "title": "商品管理",
          "href": "class",
          "icon": "fa fa-graduation-cap",
          "target": "_self"
        }
          ]
        },
        {
          "title": "对接文档",
          "href": "docking",
          "icon": "fa fa-link",
          "target": "_self"
        },
        {
          "title": "商品密价",
          "href": "mijia",
          "icon": "fa fa-lock",
          "target": "_self"
        }
  ]
}