{
  "homeInfo": {
    "title": "首页",
    "href": "main"
  },
  "logoInfo": {
    "title": "琳琅学习平台",
    "image": "images/headlogo.png",
    "href": ""
  },
  "menuInfo": [
    {
              "title": "首页",
              "href": "main",
              "icon": "fa fa-windows",
              "target": "_self"
            },
    {
          "title": "学习管理",
          "href": "",
          "icon": "fa fa-list",
          "target": "_self",
          "child": [
            {
              "title": "订单提交",
              "href": "add",
              "icon": "fa fa-plus",
              "target": "_self"
            },
            {
              "title": "强国交单",
              "href": "addqg",
              "icon": "fa fa-plus",
              "target": "_self"
            },
            {
              "title": "订单列表",
              "href": "list",
              "icon": "fa fa-bars",
              "target": "_self"
            }
          ]
        },
        {
          "title": "个人中心",
          "href": "",
          "icon": "fa fa-diamond",
          "target": "_self",
          "child": [
            {
          "title": "个人信息",
          "href": "user",
          "icon": "fa fa-user-circle",
          "target": "_self"
            },
            {
          "title": "修改密码",
          "href": "passwd",
          "icon": "fa fa-unlock-alt",
          "target": "_self"
            },
            {
          "title": "操作日志",
          "href": "log",
          "icon": "fa fa-bar-chart",
          "target": "_self"
            },
            {
          "title": "提交工单",
          "href": "workorder",
          "icon": "fa fa-tag",
          "target": "_self"
            },
            {
          "title": "余额充值",
          "href": "charge",
          "icon": "fa fa-jpy",
          "target": "_self"
            }
          ]
        },
        
        {
          "title": "下级管理",
          "href": "userlist",
          "icon": "fa fa-users",
          "target": "_self"
        },
        
        
        {
          "title": "平台对接",
          "href": "docking",
          "icon": "fa fa-link",
          "target": "_self"
        },
        {
          "title": "商品价格",
          "href": "myprice",
          "icon": "fa fa-shopping-cart",
          "target": "_self"
        }
        
  ]
}