{
    "header": [
        " *   ",
        " *   如非需要调试，本文件可删除",
        " *   非专业人员可将本文件删除",
        " *   详细介绍请参考: https://bazhan.me/faq#INFO-JSON",
        " *   "
    ],
    "resources": [
        {
            "url": "http://wangyiyun.xyz/?msg=",
            "path": "index.html",
            "saved": true,
            "size": 118694,
            "children": [
                {
                    "url": "http://wangyiyun.xyz/static/js/jquery.js",
                    "path": "js/jquery.js",
                    "saved": true,
                    "size": 206698,
                    "children": []
                },
                {
                    "url": "http://wangyiyun.xyz/static/js/jquery-ui.js",
                    "path": "js/jquery-ui.js",
                    "saved": true,
                    "size": 436747,
                    "children": []
                },
                {
                    "url": "http://wangyiyun.xyz/static/js/function.js",
                    "path": "js/function.js",
                    "saved": true,
                    "size": 0,
                    "children": []
                },
                {
                    "url": "http://wangyiyun.xyz/static/js/jquery.superslide.2.1.js",
                    "path": "js/jquery.superslide.2.1.js",
                    "saved": true,
                    "size": 0,
                    "children": []
                },
                {
                    "url": "http://wangyiyun.xyz/static/js/wdatepicker.js",
                    "path": "js/wdatepicker.js",
                    "saved": true,
                    "size": 8477,
                    "children": []
                },
                {
                    "url": "http://wangyiyun.xyz/static/js/jquery.mypagination.js",
                    "path": "js/jquery.mypagination.js",
                    "saved": true,
                    "size": 0,
                    "children": []
                },
                {
                    "url": "http://wangyiyun.xyz/static/js/formvalidation.js",
                    "path": "js/formvalidation.js",
                    "saved": true,
                    "size": 0,
                    "children": []
                },
                {
                    "url": "http://wangyiyun.xyz/static/js/jquery.validator.js",
                    "path": "js/jquery.validator.js",
                    "saved": true,
                    "size": 16255,
                    "children": []
                },
                {
                    "url": "http://wangyiyun.xyz/static/js/zh_cn.js",
                    "path": "js/zh_cn.js",
                    "saved": true,
                    "size": 0,
                    "children": []
                },
                {
                    "url": "http://wangyiyun.xyz/static/js/layui.js",
                    "path": "js/layui.js",
                    "saved": true,
                    "size": 0,
                    "children": []
                },
                {
                    "url": "http://wangyiyun.xyz/static/js/layui.all.js",
                    "path": "js/layui.all.js",
                    "saved": true,
                    "size": 0,
                    "children": []
                },
                {
                    "url": "http://wangyiyun.xyz/static/js/getmembers.js",
                    "path": "js/getmembers.js",
                    "saved": true,
                    "size": 0,
                    "children": []
                },
                {
                    "url": "http://wangyiyun.xyz/static/js/examination.js",
                    "path": "js/examination.js",
                    "saved": true,
                    "size": 0,
                    "children": []
                },
                {
                    "url": "http://wangyiyun.xyz/static/js/js-sdk-pro.min.js",
                    "path": "js/js-sdk-pro.min.js",
                    "saved": true,
                    "size": 32100,
                    "children": []
                },
                {
                    "url": "http://wangyiyun.xyz/static/css/jquery.validator.css",
                    "path": "css/jquery.validator.css",
                    "saved": true,
                    "size": 3591,
                    "children": [
                        {
                            "url": "http://wangyiyun.xyz/static/images/loading.gif",
                            "path": "img/loading.gif",
                            "saved": true,
                            "size": 0,
                            "children": []
                        },
                        {
                            "url": "http://wangyiyun.xyz/static/images/validator_default.png",
                            "path": "img/validator_default.png",
                            "saved": true,
                            "size": 0,
                            "children": []
                        },
                        {
                            "url": "http://wangyiyun.xyz/static/images/validator_simple.png",
                            "path": "img/validator_simple.png",
                            "saved": true,
                            "size": 0,
                            "children": []
                        }
                    ]
                },
                {
                    "url": "http://wangyiyun.xyz/static/css/layui.css",
                    "path": "css/layui.css",
                    "saved": true,
                    "size": 72863,
                    "children": [
                        {
                            "url": "http://wangyiyun.xyz/static/fonts/iconfont.eot",
                            "path": "fonts/iconfont.eot",
                            "saved": true,
                            "size": 0,
                            "children": []
                        },
                        {
                            "url": "http://wangyiyun.xyz/static/fonts/iconfont.woff2",
                            "path": "fonts/iconfont.woff2",
                            "saved": true,
                            "size": 0,
                            "children": []
                        },
                        {
                            "url": "http://wangyiyun.xyz/static/fonts/iconfont.woff",
                            "path": "fonts/iconfont.woff",
                            "saved": true,
                            "size": 0,
                            "children": []
                        },
                        {
                            "url": "http://wangyiyun.xyz/static/fonts/iconfont.ttf",
                            "path": "fonts/iconfont.ttf",
                            "saved": true,
                            "size": 0,
                            "children": []
                        },
                        {
                            "url": "http://wangyiyun.xyz/static/fonts/iconfont.svg",
                            "path": "img/iconfont.svg",
                            "saved": true,
                            "size": 0,
                            "children": []
                        }
                    ]
                },
                {
                    "url": "http://wangyiyun.xyz/static/css/font-awesome.min.css",
                    "path": "css/font-awesome.min.css",
                    "saved": true,
                    "size": 26640,
                    "children": [
                        {
                            "url": "http://wangyiyun.xyz/static/fonts/fontawesome-webfont.eot",
                            "path": "fonts/fontawesome-webfont.eot",
                            "saved": true,
                            "size": 0,
                            "children": []
                        },
                        {
                            "url": "http://wangyiyun.xyz/static/fonts/fontawesome-webfont.woff2",
                            "path": "fonts/fontawesome-webfont.woff2",
                            "saved": true,
                            "size": 0,
                            "children": []
                        },
                        {
                            "url": "http://wangyiyun.xyz/static/fonts/fontawesome-webfont.woff",
                            "path": "fonts/fontawesome-webfont.woff",
                            "saved": true,
                            "size": 0,
                            "children": []
                        },
                        {
                            "url": "http://wangyiyun.xyz/static/fonts/fontawesome-webfont.ttf",
                            "path": "fonts/fontawesome-webfont.ttf",
                            "saved": true,
                            "size": 0,
                            "children": []
                        },
                        {
                            "url": "http://wangyiyun.xyz/static/fonts/fontawesome-webfont.svg",
                            "path": "img/fontawesome-webfont.svg",
                            "saved": true,
                            "size": 0,
                            "children": []
                        }
                    ]
                },
                {
                    "url": "http://wangyiyun.xyz/static/css/base.css",
                    "path": "css/base.css",
                    "saved": true,
                    "size": 24686,
                    "children": [
                        {
                            "url": "http://wangyiyun.xyz/static/images/icon-xiangxi.png",
                            "saved": false
                        },
                        {
                            "url": "http://wangyiyun.xyz/static/images/slider-arrow.png",
                            "saved": false
                        },
                        {
                            "url": "http://wangyiyun.xyz/static/images/arrow.png",
                            "path": "img/arrow.png",
                            "saved": true,
                            "size": 0,
                            "children": []
                        }
                    ]
                },
                {
                    "url": "http://wangyiyun.xyz/static/css/main.css",
                    "path": "css/main.css",
                    "saved": true,
                    "size": 401,
                    "children": []
                }
            ]
        }
    ],
    "alias": "wangyiyun-xyz-37i02wom",
    "info": {
        "request": {
            "headers": {
                "accept": "text/html,*/*",
                "accept-language": "zh-CN,zh;q=0.9",
                "accept-encoding": "gzip",
                "cache-control": "no-cache",
                "cookie": "",
                "referer": "http://wangyiyun.xyz/static/css/base.css",
                "user-agent": "Mozilla/5.0 (Windows NT 10.0; Win64; x64) AppleWebKit/537.36 (KHTML, like Gecko) Chrome/78.0.3904.108 Safari/537.36",
                "x-scraper-website": "https://bazhan.me/"
            }
        },
        "response": {
            "redirects": [],
            "responseUrl": "http://wangyiyun.xyz/?msg=",
            "statusCode": 200,
            "headers": {
                "server": "nginx",
                "date": "Thu, 02 Dec 2021 11:59:45 GMT",
                "content-type": "text/html; charset=UTF-8",
                "transfer-encoding": "chunked",
                "connection": "close",
                "vary": "Accept-Encoding"
            }
        },
        "time": {
            "start": "2021-12-02T11:59:44.907Z",
            "end": "2021-12-02T12:00:02.839Z"
        },
        "remark": [],
        "title": "河南省大学生中国特色社会主义民族宗教理论知识竞赛系统",
        "ip": "103.133.176.129",
        "url": "http://wangyiyun.xyz/?msg=",
        "main": "index.html",
        "domain": "wangyiyun.xyz",
        "origin": "http://wangyiyun.xyz",
        "totalSize": "947 kB"
    },
    "options": {
        "formatter": [],
        "url": "http://wangyiyun.xyz/?msg=",
        "referer": "",
        "cookies": "",
        "userAgent": "Mozilla/5.0 (Windows NT 10.0; Win64; x64) AppleWebKit/537.36 (KHTML, like Gecko) Chrome/78.0.3904.108 Safari/537.36",
        "filenameGenerator": "byType"
    }
}